,LG: Accuracy,LG: Precision,LG: AUC,LG: F1,RF: Accuracy,RF: Precision,RF: AUC,RF: F1,DT: Accuracy,DT: Precision,DT: AUC,DT: F1
0,0.8073939635025608,0.39513016342284635,0.816329024634516,0.682408887795679,0.8491870120829397,0.7337491005037179,0.77042777737527,0.6681229861831686,0.8051315200636467,0.6033390903857225,0.7959115264532906,0.6514403129568894
0,0.8039878673362836,0.40722622725712326,0.8159183746345043,0.6790208935771596,0.849112426035503,0.7279385705847607,0.7731760474067806,0.6710956218688738,0.805777932474765,0.5922443044110519,0.7982444935885745,0.6633199746888843
0,0.8069215852021282,0.47688229056203607,0.8172389590007049,0.682294223531337,0.8470488787230869,0.7317489335770871,0.7663332851932217,0.6612343775807961,0.8057530704589528,0.600455942115175,0.7919255558394843,0.6552027848844525
0,0.8039132812888469,0.655648010942665,0.8180551052203322,0.6828326698033539,0.8487394957983193,0.7384800965018095,0.7716065272126157,0.6690996241625361,0.8036895231465367,0.6073724387304138,0.8026428738835731,0.6530806062284833
0,0.8022972502610511,0.4993160054719562,0.8162396832212204,0.6775344687753446,0.848391427576948,0.7275082430522845,0.7720800167343748,0.670858629661752,0.8037392471781613,0.6021806541962589,0.796576792798347,0.6535313001605138
