,LG: Accuracy,LG: Precision,LG: AUC,LG: F1,RF: Accuracy,RF: Precision,RF: AUC,RF: F1,DT: Accuracy,DT: Precision,DT: AUC,DT: F1
0,0.8020666666666667,0.14831130690161526,0.8390150188562945,0.25383262126162354,0.9884666666666667,0.9969788519637462,0.8367960771564698,0.8299319727891157,0.9850666666666666,0.8345724907063197,0.9242497213944432,0.7846291331546023
0,0.038066666666666665,0.13714285714285715,0.8432276456285314,0.23461195361284565,0.9886666666666667,0.9591280653950953,0.8789608007516484,0.8431001890359168,0.9836666666666667,0.7694859038142621,0.9304505581348322,0.7879828326180258
0,0.9622666666666667,0.13238289205702647,0.8434748197106263,0.2313681868743048,0.9900666666666667,0.9832869080779945,0.8696217362714947,0.857685009487666,0.9846666666666667,0.8150807899461401,0.9361384657642365,0.7654109589041095
0,0.7874666666666666,0.13713021841304948,0.8345411589230234,0.23732057416267943,0.9898,0.9913544668587896,0.8657191241753772,0.8401191658391262,0.9842666666666666,0.8029197080291971,0.9278539761706843,0.7649122807017544
0,0.7881333333333334,0.13849569802941994,0.8318472143326594,0.23963575365444528,0.987,0.9914772727272727,0.8419642459010356,0.8068068068068069,0.9838666666666667,0.82421875,0.9180725706231668,0.7853962600178094
